system,date,rows,роль,досвід,ЗП,дата,формат,дубль,подано,інше,other_or_shown
desktop,2026-10-03,119,56,30,8,0,0,19,6,0,0
desktop,2026-10-04,118,52,32,1,4,0,20,6,3,0
desktop,2026-10-05,116,54,36,3,0,0,17,5,0,1
desktop,2026-10-06,119,47,39,5,1,0,18,6,2,1
desktop,2026-10-07,120,48,49,3,0,0,14,6,0,0
desktop,2026-10-08,122,40,54,1,3,1,14,8,1,0
desktop,2026-10-09,245,99,87,5,1,1,28,19,1,4
online,2026-10-03,120,68,26,3,0,1,18,0,0,4
online,2026-10-04,3,0,0,0,0,0,2,0,0,1
online,2026-10-05,15,0,1,1,0,2,8,2,0,1
online,2026-10-06,100,18,35,1,18,11,6,3,4,4
online,2026-10-07,97,14,31,0,30,1,16,1,0,4
online,2026-10-08,133,16,43,1,39,14,14,0,3,3
online,2026-10-09,120,43,39,2,0,7,15,9,0,5
