handle,panel,max_pages
junior_dou_ua,core,40
Job_IT_Junior,core,40
happymonday,core,40
robotaua_now_remote,reference,15
univwork,core,40
internsgo,core,40
lobbyxIT,core,40
lobbyx,core,40
ITExpert_Vacancies,core,40
devops_dou,core,40
dou_qa,core,40
product_dou,reference,40
ai_dou,core,40
datascienceua,core,40
jobforukrainians,core,40
space_job,core,40
wwjobs,core,40
dou_remote,reference,40
foranalysts,secondary,40
data_engineer_jobs,secondary,40
remote_ai_jobs,secondary,40
Forproducts,secondary,40
fordevops,secondary,40
remote_devops_jobs,secondary,40
forallqa,secondary,40
